﻿<?xml version="1.0"?>
<module>
	<type>language</type>
	<name>VietNamese</name>
	<label>Tiếng Việt</label>
	<prefix>vi_vi</prefix>
	<version>0.8</version>
	<encoding>UTF-8</encoding>
	<author>ABOnline solutions - http://www.abo-s.com</author>
	<license>Vtiger Public License</license>
	<dependencies>
		<vtiger_version>6.0.0</vtiger_version>
		<vtiger_max_version>6.*</vtiger_max_version>
	</dependencies>
	<license>
		<inline><![CDATA[
		*************************************************************************************
		* Publish by http://www.abo-s.com                       						    *
		*************************************************************************************
		*  Language     : French                                                            *
		*  Vtiger       : 6.x                                                               *
		*  Author       : ABOnline solutions, Boris CLEMENT						            *
		*  Help/Email   :                                                   			    *
		*  Licence      : Vtiger Public License Version                                     *
		*  Website      : www.abo-s.com                                                     *
		*************************************************************************************   
		]]></inline>
	</license>
</module>